images/13.mukura/mukura_user8_06.jpg	mukura
images/13.mukura/mukura_user3_01.jpg	mukura
images/13.mukura/mukura_user3_02.jpg	mukura
images/13.mukura/mukura_user1_01.jpg	mukura
images/13.mukura/mukura_user5_02.jpg	mukura
images/13.mukura/mukura_user4_03.jpg	mukura
images/13.mukura/mukura_user5_04.jpg	mukura
images/13.mukura/mukura_user6_01.jpg	mukura
images/13.mukura/mukura_user7_06.jpg	mukura
images/13.mukura/mukura_user3_04.jpg	mukura
images/13.mukura/mukura_user8_10.jpg	mukura
images/13.mukura/mukura_user7_01.jpg	mukura
images/13.mukura/mukura_user8_03.jpg	mukura
images/13.mukura/mukura_user4_04.jpg	mukura
images/13.mukura/mukura_user8_01.jpg	mukura
images/13.mukura/mukura_user4_05.jpg	mukura
images/13.mukura/mukura_user8_07.jpg	mukura
images/13.mukura/mukura_user7_02.jpg	mukura
images/13.mukura/mukura_user8_02.jpg	mukura
images/13.mukura/mukura_user8_04.jpg	mukura
images/13.mukura/mukura_user1_02.jpg	mukura
images/13.mukura/mukura_user7_09.jpg	mukura
images/13.mukura/mukura_user7_08.jpg	mukura
images/13.mukura/mukura_user3_05.jpg	mukura
images/13.mukura/mukura_user2_2.jpg	mukura
images/13.mukura/mukura_user5_03.jpg	mukura
images/13.mukura/mukura_user8_09.jpg	mukura
images/13.mukura/mukura_user7_04.jpg	mukura
images/13.mukura/mukura_user4_01.jpg	mukura
images/13.mukura/mukura_user8_05.jpg	mukura
images/13.mukura/mukura_user2_1.jpg	mukura
images/13.mukura/mukura_user7_05.jpg	mukura
images/13.mukura/mukura_user7_03.jpg	mukura
images/2.mudrakhya/mudrakhya_user7_08.jpg	mudrakhya
images/2.mudrakhya/mudrakhya_user6_01.jpg	mudrakhya
images/2.mudrakhya/mudrakhya_user8_03.jpg	mudrakhya
images/2.mudrakhya/mudrakhya_user1_01.jpg	mudrakhya
images/2.mudrakhya/mudrakhya_user8_07.jpg	mudrakhya
images/2.mudrakhya/mudrakhya_user7_07.jpg	mudrakhya
images/2.mudrakhya/mudrakhya_user4_02.jpg	mudrakhya
images/2.mudrakhya/mudrakhya_user7_09.jpg	mudrakhya
images/2.mudrakhya/mudrakhya_user8_05.jpg	mudrakhya
images/2.mudrakhya/mudrakhya_user7_10.jpg	mudrakhya
images/2.mudrakhya/mudrakhya_user1_04.jpg	mudrakhya
images/2.mudrakhya/mudrakhya_user3_02.jpg	mudrakhya
images/2.mudrakhya/mudrakhya_user5_04.jpg	mudrakhya
images/2.mudrakhya/mudrakhya_user8_09.jpg	mudrakhya
images/2.mudrakhya/mudrakhya_user8_04.jpg	mudrakhya
images/2.mudrakhya/mudrakhya_user7_01.jpg	mudrakhya
images/2.mudrakhya/mudrakhya_user4_05.jpg	mudrakhya
images/2.mudrakhya/mudrakhya_user7_03.jpg	mudrakhya
images/2.mudrakhya/mudrakhya_user5_02.jpg	mudrakhya
images/2.mudrakhya/mudrakhya_user8_06.jpg	mudrakhya
images/2.mudrakhya/mudrakhya_user4_01.jpg	mudrakhya
images/2.mudrakhya/mudrakhya_user1_02.jpg	mudrakhya
images/2.mudrakhya/mudrakhya_user7_04.jpg	mudrakhya
images/2.mudrakhya/mudrakhya_user5_03.jpg	mudrakhya
images/2.mudrakhya/mudrakhya_user6_04.jpg	mudrakhya
images/2.mudrakhya/mudrakhya_user4_04.jpg	mudrakhya
images/2.mudrakhya/mudrakhya_user5_01.jpg	mudrakhya
images/2.mudrakhya/mudrakhya_user8_02.jpg	mudrakhya
images/2.mudrakhya/mudrakhya_user3_01.jpg	mudrakhya
images/2.mudrakhya/mudrakhya_user4_03.jpg	mudrakhya
images/18.mrigasirsha/mrigasirsha_user3_01.jpg	mrigasirsha
images/18.mrigasirsha/mrigasirsha_user7_02.jpg	mrigasirsha
images/18.mrigasirsha/mrigasirsha_user5_03.jpg	mrigasirsha
images/18.mrigasirsha/mrigasirsha_user8_06.jpg	mrigasirsha
images/18.mrigasirsha/mrigasirsha_user7_10.jpg	mrigasirsha
images/18.mrigasirsha/mrigasirsha_user7_03.jpg	mrigasirsha
images/18.mrigasirsha/mrigasirsha_user8_12.jpg	mrigasirsha
images/18.mrigasirsha/mrigasirsha_user8_03.jpg	mrigasirsha
images/18.mrigasirsha/mrigasirsha_user4_01.jpg	mrigasirsha
images/18.mrigasirsha/mrigasirsha_user1_02.jpg	mrigasirsha
images/18.mrigasirsha/mrigasirsha_user8_09.jpg	mrigasirsha
images/18.mrigasirsha/mrigasirsha_user2_2.jpg	mrigasirsha
images/18.mrigasirsha/mrigasirsha_user8_10.jpg	mrigasirsha
images/18.mrigasirsha/mrigasirsha_user8_05.jpg	mrigasirsha
images/18.mrigasirsha/mrigasirsha_user7_09.jpg	mrigasirsha
images/18.mrigasirsha/mrigasirsha_user1_07.jpg	mrigasirsha
images/18.mrigasirsha/mrigasirsha_user2_1.jpg	mrigasirsha
images/18.mrigasirsha/mrigasirsha_user4_03.jpg	mrigasirsha
images/18.mrigasirsha/mrigasirsha_user8_08.jpg	mrigasirsha
images/18.mrigasirsha/mrigasirsha_user7_05.jpg	mrigasirsha
images/18.mrigasirsha/mrigasirsha_user7_11.jpg	mrigasirsha
images/18.mrigasirsha/mrigasirsha_user5_02.jpg	mrigasirsha
images/18.mrigasirsha/mrigasirsha_user7_12.jpg	mrigasirsha
images/18.mrigasirsha/mrigasirsha_user7_08.jpg	mrigasirsha
images/18.mrigasirsha/mrigasirsha_user3_03.jpg	mrigasirsha
images/18.mrigasirsha/mrigasirsha_user3_02.jpg	mrigasirsha
images/18.mrigasirsha/mrigasirsha_user4_02.jpg	mrigasirsha
images/18.mrigasirsha/mrigasirsha_user7_13.jpg	mrigasirsha
images/18.mrigasirsha/mrigasirsha_user5_01.jpg	mrigasirsha
images/18.mrigasirsha/mrigasirsha_user8_01.jpg	mrigasirsha
images/18.mrigasirsha/mrigasirsha_user8_07.jpg	mrigasirsha
images/18.mrigasirsha/mrigasirsha_user8_02.jpg	mrigasirsha
images/16.pallava/pallava_user8_07.jpg	pallava
images/16.pallava/pallava_user7_01.jpg	pallava
images/16.pallava/pallava_user8_02.jpg	pallava
images/16.pallava/pallava_user1_03.jpg	pallava
images/16.pallava/pallava_user5_03.jpg	pallava
images/16.pallava/pallava_user4_01.jpg	pallava
images/16.pallava/pallava_user3_02.jpg	pallava
images/16.pallava/pallava_user8_04.jpg	pallava
images/16.pallava/pallava_user5_02.jpg	pallava
images/16.pallava/pallava_user1_01.jpg	pallava
images/16.pallava/pallava_user8_09.jpg	pallava
images/16.pallava/pallava_user7_09.jpg	pallava
images/16.pallava/pallava_user3_04.jpg	pallava
images/16.pallava/pallava_user7_10.jpg	pallava
images/16.pallava/pallava_user3_03.jpg	pallava
images/16.pallava/pallava_user2_1.jpg	pallava
images/16.pallava/pallava_user3_01.jpg	pallava
images/16.pallava/pallava_user7_07.jpg	pallava
images/16.pallava/pallava_user2_2.jpg	pallava
images/16.pallava/pallava_user8_01.jpg	pallava
images/16.pallava/pallava_user8_08.jpg	pallava
images/16.pallava/pallava_user8_03.jpg	pallava
images/16.pallava/pallava_user7_04.jpg	pallava
images/16.pallava/pallava_user4_02.jpg	pallava
images/16.pallava/pallava_user8_05.jpg	pallava
images/16.pallava/pallava_user8_06.jpg	pallava
images/23.mukula/mukula_user8_03.jpg	mukula
images/23.mukula/mukula_user7_06.jpg	mukula
images/23.mukula/mukula_user1_04.jpg	mukula
images/23.mukula/mukula_user4_03.jpg	mukula
images/23.mukula/mukula_user7_04.jpg	mukula
images/23.mukula/mukula_user7_10.jpg	mukula
images/23.mukula/mukula_user5_03.jpg	mukula
images/23.mukula/mukula_user7_08.jpg	mukula
images/23.mukula/mukula_user8_01.jpg	mukula
images/23.mukula/mukula_user7_02.jpg	mukula
images/23.mukula/mukula_user8_09.jpg	mukula
images/23.mukula/mukula_user3_02.jpg	mukula
images/23.mukula/mukula_user8_08.jpg	mukula
images/23.mukula/mukula_user5_02.jpg	mukula
images/23.mukula/mukula_user7_11.jpg	mukula
images/23.mukula/mukula_user5_01.jpg	mukula
images/23.mukula/mukula_user2_1.jpg	mukula
images/23.mukula/mukula_user8_07.jpg	mukula
images/23.mukula/mukula_user7_09.jpg	mukula
images/23.mukula/mukula_user8_02.jpg	mukula
images/23.mukula/mukula_user4_02.jpg	mukula
images/23.mukula/mukula_user3_03.jpg	mukula
images/23.mukula/mukula_user3_01.jpg	mukula
images/23.mukula/mukula_user7_05.jpg	mukula
images/23.mukula/mukula_user7_03.jpg	mukula
images/23.mukula/mukula_user4_04.jpg	mukula
images/23.mukula/mukula_user8_11.jpg	mukula
images/23.mukula/mukula_user8_04.jpg	mukula
images/23.mukula/mukula_user2_2.jpg	mukula
images/23.mukula/mukula_user1_09.jpg	mukula
images/23.mukula/mukula_user7_01.jpg	mukula
images/10.hamsasya/hamsasya_user3_01.jpg	hamsasya
images/10.hamsasya/hamsasya_user8_09.jpg	hamsasya
images/10.hamsasya/hamsasya_user2_1.jpg	hamsasya
images/10.hamsasya/hamsasya_user7_10.jpg	hamsasya
images/10.hamsasya/hamsasya_user5_02.jpg	hamsasya
images/10.hamsasya/hamsasya_user7_06.jpg	hamsasya
images/10.hamsasya/hamsasya_user8_04.jpg	hamsasya
images/10.hamsasya/hamsasya_user1_01.jpg	hamsasya
images/10.hamsasya/hamsasya_user7_01.jpg	hamsasya
images/10.hamsasya/hamsasya_user1_02.jpg	hamsasya
images/10.hamsasya/hamsasya_user4_01.jpg	hamsasya
images/10.hamsasya/hamsasya_user7_05.jpg	hamsasya
images/10.hamsasya/hamsasya_user4_02.jpg	hamsasya
images/10.hamsasya/hamsasya_user7_08.jpg	hamsasya
images/10.hamsasya/hamsasya_user7_09.jpg	hamsasya
images/10.hamsasya/hamsasya_user7_04.jpg	hamsasya
images/10.hamsasya/hamsasya_user6_03.jpg	hamsasya
images/10.hamsasya/hamsasya_user2_2.jpg	hamsasya
images/10.hamsasya/hamsasya_user8_06.jpg	hamsasya
images/10.hamsasya/hamsasya_user7_07.jpg	hamsasya
images/10.hamsasya/hamsasya_user4_04.jpg	hamsasya
images/10.hamsasya/hamsasya_user6_01.jpg	hamsasya
images/10.hamsasya/hamsasya_user4_03.jpg	hamsasya
images/10.hamsasya/hamsasya_user7_03.jpg	hamsasya
images/10.hamsasya/hamsasya_user6_04.jpg	hamsasya
images/10.hamsasya/hamsasya_user1_04.jpg	hamsasya
images/10.hamsasya/hamsasya_user8_08.jpg	hamsasya
images/10.hamsasya/hamsasya_user7_02.jpg	hamsasya
images/10.hamsasya/hamsasya_user5_01.jpg	hamsasya
images/10.hamsasya/hamsasya_user8_05.jpg	hamsasya
images/10.hamsasya/hamsasya_user8_07.jpg	hamsasya
images/10.hamsasya/hamsasya_user3_04.jpg	hamsasya
images/10.hamsasya/hamsasya_user7_11.jpg	hamsasya
images/21.arala/arala_user7_02.jpg	arala
images/21.arala/arala_user4_04.jpg	arala
images/21.arala/arala_user8_10.jpg	arala
images/21.arala/arala_user7_06.jpg	arala
images/21.arala/arala_user1_02.jpg	arala
images/21.arala/arala_user8_01.jpg	arala
images/21.arala/arala_user8_11.jpg	arala
images/21.arala/arala_user4_01.jpg	arala
images/21.arala/arala_user2_2.jpg	arala
images/21.arala/arala_user7_01.jpg	arala
images/21.arala/arala_user3_02.jpg	arala
images/21.arala/arala_user8_08.jpg	arala
images/21.arala/arala_user3_01.jpg	arala
images/21.arala/arala_user4_02.jpg	arala
images/21.arala/arala_user7_04.jpg	arala
images/21.arala/arala_user3_03.jpg	arala
images/21.arala/arala_user5_01.jpg	arala
images/21.arala/arala_user4_03.jpg	arala
images/21.arala/arala_user7_11.jpg	arala
images/21.arala/arala_user7_09.jpg	arala
images/21.arala/arala_user5_02.jpg	arala
images/21.arala/arala_user7_10.jpg	arala
images/21.arala/arala_user5_03.jpg	arala
images/21.arala/arala_user8_09.jpg	arala
images/21.arala/arala_user8_06.jpg	arala
images/21.arala/arala_user8_03.jpg	arala
images/21.arala/arala_user7_03.jpg	arala
images/21.arala/arala_user7_05.jpg	arala
images/21.arala/arala_user2_1.jpg	arala
images/1.pataka/pataka_user7_09.jpg	pataka
images/1.pataka/pataka_user8_07.jpg	pataka
images/1.pataka/pataka_user6_03.jpg	pataka
images/1.pataka/pataka_user7_03.jpg	pataka
images/1.pataka/pataka_user6_02.jpg	pataka
images/1.pataka/pataka_user7_06.jpg	pataka
images/1.pataka/pataka_user1_02.jpg	pataka
images/1.pataka/pataka_user7_05.jpg	pataka
images/1.pataka/pataka_user1_01.jpg	pataka
images/1.pataka/pataka_user8_04.jpg	pataka
images/1.pataka/pataka_user3_04.jpg	pataka
images/1.pataka/pataka_user7_02.jpg	pataka
images/1.pataka/pataka_user4_03.jpg	pataka
images/1.pataka/pataka_user8_01.jpg	pataka
images/1.pataka/pataka_user7_04.jpg	pataka
images/1.pataka/pataka_user8_08.jpg	pataka
images/1.pataka/pataka_user3_03.jpg	pataka
images/1.pataka/pataka_user8_06.jpg	pataka
images/1.pataka/pataka_user4_02.jpg	pataka
images/1.pataka/pataka_user8_03.jpg	pataka
images/1.pataka/pataka_user4_01.jpg	pataka
images/1.pataka/pataka_user6_01.jpg	pataka
images/1.pataka/pataka_user5_02.jpg	pataka
images/1.pataka/pataka_user7_10.jpg	pataka
images/1.pataka/pataka_user1_06.jpg	pataka
images/1.pataka/pataka_user8_05.jpg	pataka
images/1.pataka/pataka_user5_03.jpg	pataka
images/1.pataka/pataka_user1_04.jpg	pataka
images/22.urnanabha/urnanabha_user8_03.jpg	urnanabha
images/22.urnanabha/urnanabha_user8_04.jpg	urnanabha
images/22.urnanabha/urnanabha_user4_03.jpg	urnanabha
images/22.urnanabha/urnanabha_user5_02.jpg	urnanabha
images/22.urnanabha/urnanabha_user8_07.jpg	urnanabha
images/22.urnanabha/urnanabha_user8_02.jpg	urnanabha
images/22.urnanabha/urnanabha_user3_02.jpg	urnanabha
images/22.urnanabha/urnanabha_user3_01.jpg	urnanabha
images/22.urnanabha/urnanabha_user8_06.jpg	urnanabha
images/22.urnanabha/urnanabha_user1_02.jpg	urnanabha
images/22.urnanabha/urnanabha_user7_05.jpg	urnanabha
images/22.urnanabha/urnanabha_user8_01.jpg	urnanabha
images/22.urnanabha/urnanabha_user7_03.jpg	urnanabha
images/22.urnanabha/urnanabha_user1_01.jpg	urnanabha
images/22.urnanabha/urnanabha_user5_01.jpg	urnanabha
images/22.urnanabha/urnanabha_user7_06.jpg	urnanabha
images/22.urnanabha/urnanabha_user7_08.jpg	urnanabha
images/22.urnanabha/urnanabha_user4_01.jpg	urnanabha
images/22.urnanabha/urnanabha_user3_03.jpg	urnanabha
images/22.urnanabha/urnanabha_user2_2.jpg	urnanabha
images/22.urnanabha/urnanabha_user7_04.jpg	urnanabha
images/22.urnanabha/urnanabha_user7_09.jpg	urnanabha
images/22.urnanabha/urnanabha_user7_07.jpg	urnanabha
images/22.urnanabha/urnanabha_user4_02.jpg	urnanabha
images/22.urnanabha/urnanabha_user7_11.jpg	urnanabha
images/22.urnanabha/urnanabha_user8_05.jpg	urnanabha
images/22.urnanabha/urnanabha_user5_03.jpg	urnanabha
images/22.urnanabha/urnanabha_user7_01.jpg	urnanabha
images/22.urnanabha/urnanabha_user8_08.jpg	urnanabha
images/4.mushti/mushti_user8_03.jpg	mushti
images/4.mushti/mushti_user4_02.jpg	mushti
images/4.mushti/mushti_user7_10.jpg	mushti
images/4.mushti/mushti_user4_01.jpg	mushti
images/4.mushti/mushti_user1_07.jpg	mushti
images/4.mushti/mushti_user8_02.jpg	mushti
images/4.mushti/mushti_user6_01.jpg	mushti
images/4.mushti/mushti_user8_10.jpg	mushti
images/4.mushti/mushti_user7_09.jpg	mushti
images/4.mushti/mushti_user1_01.jpg	mushti
images/4.mushti/mushti_user4_04.jpg	mushti
images/4.mushti/mushti_user3_02.jpg	mushti
images/4.mushti/mushti_user5_01.jpg	mushti
images/4.mushti/mushti_user7_05.jpg	mushti
images/4.mushti/mushti_user6_03.jpg	mushti
images/4.mushti/mushti_user7_02.jpg	mushti
images/4.mushti/mushti_user8_01.jpg	mushti
images/4.mushti/mushti_user8_08.jpg	mushti
images/4.mushti/mushti_user8_05.jpg	mushti
images/4.mushti/mushti_user7_01.jpg	mushti
images/4.mushti/mushti_user7_08.jpg	mushti
images/4.mushti/mushti_user7_03.jpg	mushti
images/4.mushti/mushti_user7_04.jpg	mushti
images/4.mushti/mushti_user4_03.jpg	mushti
images/4.mushti/mushti_user1_03.jpg	mushti
images/4.mushti/mushti_user3_01.jpg	mushti
images/4.mushti/mushti_user8_06.jpg	mushti
images/4.mushti/mushti_user2_02.jpg	mushti
images/4.mushti/mushti_user5_03.jpg	mushti
images/4.mushti/mushti_user8_07.jpg	mushti
images/4.mushti/mushti_user8_09.jpg	mushti
images/4.mushti/mushti_user5_02.jpg	mushti
images/4.mushti/mushti_user1_02.jpg	mushti
images/4.mushti/mushti_user8_04.jpg	mushti
images/4.mushti/mushti_user6_02.jpg	mushti
images/4.mushti/mushti_user7_06.jpg	mushti
images/5.kartarimukha/kartarimukha_user6_01.jpg	kartarimukha
images/5.kartarimukha/kartarimukha_user8_04.jpg	kartarimukha
images/5.kartarimukha/kartarimukha_user8_05.jpg	kartarimukha
images/5.kartarimukha/kartarimukha_user1_07.jpg	kartarimukha
images/5.kartarimukha/kartarimukha_user1_01.jpg	kartarimukha
images/5.kartarimukha/kartarimukha_user7_12.jpg	kartarimukha
images/5.kartarimukha/kartarimukha_user5_02.jpg	kartarimukha
images/5.kartarimukha/kartarimukha_user3_03.jpg	kartarimukha
images/5.kartarimukha/kartarimukha_user7_10.jpg	kartarimukha
images/5.kartarimukha/kartarimukha_user3_04.jpg	kartarimukha
images/5.kartarimukha/kartarimukha_user7_08.jpg	kartarimukha
images/5.kartarimukha/kartarimukha_user4_02.jpg	kartarimukha
images/5.kartarimukha/kartarimukha_user8_02.jpg	kartarimukha
images/5.kartarimukha/kartarimukha_user4_01.jpg	kartarimukha
images/5.kartarimukha/kartarimukha_user8_10.jpg	kartarimukha
images/5.kartarimukha/kartarimukha_user4_03.jpg	kartarimukha
images/5.kartarimukha/kartarimukha_user1_10.jpg	kartarimukha
images/5.kartarimukha/kartarimukha_user7_09.jpg	kartarimukha
images/5.kartarimukha/kartarimukha_user7_11.jpg	kartarimukha
images/5.kartarimukha/kartarimukha_user6_02.jpg	kartarimukha
images/5.kartarimukha/kartarimukha_user8_03.jpg	kartarimukha
images/5.kartarimukha/kartarimukha_user6_03.jpg	kartarimukha
images/5.kartarimukha/kartarimukha_user3_02.jpg	kartarimukha
images/5.kartarimukha/kartarimukha_user8_01.jpg	kartarimukha
images/5.kartarimukha/kartarimukha_user7_05.jpg	kartarimukha
images/5.kartarimukha/kartarimukha_user5_04.jpg	kartarimukha
images/5.kartarimukha/kartarimukha_user1_0.jpg	kartarimukha
images/5.kartarimukha/kartarimukha_user3_01.jpg	kartarimukha
images/5.kartarimukha/kartarimukha_user8_09.jpg	kartarimukha
images/5.kartarimukha/kartarimukha_user8_08.jpg	kartarimukha
images/5.kartarimukha/kartarimukha_user7_01.jpg	kartarimukha
images/11.anjali/anjali_user7_12.jpg	anjali
images/11.anjali/anjali_user8_06.jpg	anjali
images/11.anjali/anjali_user7_06.jpg	anjali
images/11.anjali/anjali_user7_10.jpg	anjali
images/11.anjali/anjali_user6_02.jpg	anjali
images/11.anjali/anjali_user5_03.jpg	anjali
images/11.anjali/anjali_user8_09.jpg	anjali
images/11.anjali/anjali_user8_02.jpg	anjali
images/11.anjali/anjali_user8_05.jpg	anjali
images/11.anjali/anjali_user8_01.jpg	anjali
images/11.anjali/anjali_user8_04.jpg	anjali
images/11.anjali/anjali_user8_10.jpg	anjali
images/11.anjali/anjali_user4_03.jpg	anjali
images/11.anjali/anjali_user7_09.jpg	anjali
images/11.anjali/anjali_user7_03.jpg	anjali
images/11.anjali/anjali_user3_01.jpg	anjali
images/11.anjali/anjali_user3_03.jpg	anjali
images/11.anjali/anjali_user5_02.jpg	anjali
images/11.anjali/anjali_user4_01.jpg	anjali
images/11.anjali/anjali_user7_08.jpg	anjali
images/11.anjali/anjali_user5_01.jpg	anjali
images/11.anjali/anjali_user6_01.jpg	anjali
images/11.anjali/anjali_user8_03.jpg	anjali
images/11.anjali/anjali_user7_11.jpg	anjali
images/11.anjali/anjali_user7_02.jpg	anjali
images/11.anjali/anjali_user3_02.jpg	anjali
images/11.anjali/anjali_user7_04.jpg	anjali
images/11.anjali/anjali_user6_04.jpg	anjali
images/11.anjali/anjali_user4_02.jpg	anjali
images/11.anjali/anjali_user3_04.jpg	anjali
images/11.anjali/anjali_user8_08.jpg	anjali
images/11.anjali/anjali_user4_05.jpg	anjali
images/11.anjali/anjali_user7_05.jpg	anjali
images/11.anjali/anjali_user3_05.jpg	anjali
images/11.anjali/anjali_user2_1.jpg	anjali
images/3.kataka/kataka_user8_02.jpg	kataka
images/3.kataka/kataka_user7_07.jpg	kataka
images/3.kataka/kataka_user4_03.jpg	kataka
images/3.kataka/kataka_user7_02.jpg	kataka
images/3.kataka/kataka_user7_10.jpg	kataka
images/3.kataka/kataka_user5_03.jpg	kataka
images/3.kataka/kataka_user3_02.jpg	kataka
images/3.kataka/kataka_user1_06.jpg	kataka
images/3.kataka/kataka_user8_01.jpg	kataka
images/3.kataka/kataka_user4_01.jpg	kataka
images/3.kataka/kataka_user7_09.jpg	kataka
images/3.kataka/kataka_user1_01.jpg	kataka
images/3.kataka/kataka_user8_06.jpg	kataka
images/3.kataka/kataka_user3_03.jpg	kataka
images/3.kataka/kataka_user3_01.jpg	kataka
images/3.kataka/kataka_user6_01.jpg	kataka
images/3.kataka/kataka_user6_03.jpg	kataka
images/3.kataka/kataka_user6_04.jpg	kataka
images/3.kataka/kataka_user3_04.jpg	kataka
images/3.kataka/kataka_user7_05.jpg	kataka
images/3.kataka/kataka_user7_04.jpg	kataka
images/3.kataka/kataka_user5_01.jpg	kataka
images/3.kataka/kataka_user8_10.jpg	kataka
images/3.kataka/kataka_user8_04.jpg	kataka
images/3.kataka/kataka_user8_05.jpg	kataka
images/15.suchimukha/suchimukha_user8_07.jpg	suchimukha
images/15.suchimukha/suchimukha_user1_01.jpg	suchimukha
images/15.suchimukha/suchimukha_user5_03.jpg	suchimukha
images/15.suchimukha/suchimukha_user2_1.jpg	suchimukha
images/15.suchimukha/suchimukha_user4_04.jpg	suchimukha
images/15.suchimukha/suchimukha_user8_10.jpg	suchimukha
images/15.suchimukha/suchimukha_user8_08.jpg	suchimukha
images/15.suchimukha/suchimukha_user7_06.jpg	suchimukha
images/15.suchimukha/suchimukha_user7_02.jpg	suchimukha
images/15.suchimukha/suchimukha_user5_02.jpg	suchimukha
images/15.suchimukha/suchimukha_user7_11.jpg	suchimukha
images/15.suchimukha/suchimukha_user3_01.jpg	suchimukha
images/15.suchimukha/suchimukha_user7_01.jpg	suchimukha
images/15.suchimukha/suchimukha_user8_05.jpg	suchimukha
images/15.suchimukha/suchimukha_user8_04.jpg	suchimukha
images/15.suchimukha/suchimukha_user8_01.jpg	suchimukha
images/15.suchimukha/suchimukha_user7_03.jpg	suchimukha
images/15.suchimukha/suchimukha_user4_03.jpg	suchimukha
images/15.suchimukha/suchimukha_user7_07.jpg	suchimukha
images/15.suchimukha/suchimukha_user4_02.jpg	suchimukha
images/15.suchimukha/suchimukha_user8_06.jpg	suchimukha
images/15.suchimukha/suchimukha_user5_01.jpg	suchimukha
images/15.suchimukha/suchimukha_user3_04.jpg	suchimukha
images/15.suchimukha/suchimukha_user3_02.jpg	suchimukha
images/15.suchimukha/suchimukha_user3_05.jpg	suchimukha
images/15.suchimukha/suchimukha_user2_2.jpg	suchimukha
images/15.suchimukha/suchimukha_user3_03.jpg	suchimukha
images/15.suchimukha/suchimukha_user1_05.jpg	suchimukha
images/15.suchimukha/suchimukha_user8_03.jpg	suchimukha
images/6.sukatunda/sukhatunda_user8_10.jpg	sukatunda
images/6.sukatunda/sukhatunda_user7_02.jpg	sukatunda
images/6.sukatunda/sukhatunda_user6_03.jpg	sukatunda
images/6.sukatunda/sukhatunda_user7_08.jpg	sukatunda
images/6.sukatunda/sukhatunda_user7_01.jpg	sukatunda
images/6.sukatunda/sukhatunda_user8_09.jpg	sukatunda
images/6.sukatunda/sukhatunda_user4_01.jpg	sukatunda
images/6.sukatunda/sukhatunda_user7_11.jpg	sukatunda
images/6.sukatunda/sukhatunda_user1_02.jpg	sukatunda
images/6.sukatunda/sukhatunda_user8_07.jpg	sukatunda
images/6.sukatunda/sukhatunda_user3_01.jpg	sukatunda
images/6.sukatunda/sukhatunda_user6_01.jpg	sukatunda
images/6.sukatunda/sukhatunda_user1_01.jpg	sukatunda
images/6.sukatunda/sukhatunda_user8_03.jpg	sukatunda
images/6.sukatunda/sukhatunda_user3_03.jpg	sukatunda
images/6.sukatunda/sukhatunda_user3_02.jpg	sukatunda
images/6.sukatunda/sukhatunda_user5_03.jpg	sukatunda
images/6.sukatunda/sukhatunda_user8_04.jpg	sukatunda
images/6.sukatunda/sukhatunda_user8_05.jpg	sukatunda
images/6.sukatunda/sukhatunda_user6_04.jpg	sukatunda
images/6.sukatunda/sukhatunda_user8_06.jpg	sukatunda
images/6.sukatunda/sukhatunda_user5_02.jpg	sukatunda
images/6.sukatunda/sukhatunda_user8_11.jpg	sukatunda
images/6.sukatunda/sukhatunda_user6_02.jpg	sukatunda
images/6.sukatunda/sukhatunda_user7_04.jpg	sukatunda
images/6.sukatunda/sukhatunda_user1_03.jpg	sukatunda
images/6.sukatunda/sukhatunda_user4_03.jpg	sukatunda
images/6.sukatunda/sukhatunda_user8_02.jpg	sukatunda
images/6.sukatunda/sukhatunda_user7_10.jpg	sukatunda
images/6.sukatunda/sukhatunda_user7_07.jpg	sukatunda
images/6.sukatunda/sukhatunda_user8_08.jpg	sukatunda
images/6.sukatunda/sukhatunda_user1_10.jpg	sukatunda
images/7.kapittha/kapittha_user8_03.jpg	kapittha
images/7.kapittha/kapittha_user1_02.jpg	kapittha
images/7.kapittha/kapittha_user8_08.jpg	kapittha
images/7.kapittha/kapittha_user8_10.jpg	kapittha
images/7.kapittha/kapittha_user7_07.jpg	kapittha
images/7.kapittha/kapittha_user6_02.jpg	kapittha
images/7.kapittha/kapittha_user7_12.jpg	kapittha
images/7.kapittha/kapittha_user7_10.jpg	kapittha
images/7.kapittha/kapittha_user8_07.jpg	kapittha
images/7.kapittha/kapittha_user6_01.jpg	kapittha
images/7.kapittha/kapittha_user7_11.jpg	kapittha
images/7.kapittha/kapittha_user3_02.jpg	kapittha
images/7.kapittha/kapittha_user6_04.jpg	kapittha
images/7.kapittha/kapittha_user8_09.jpg	kapittha
images/7.kapittha/kapittha_user7_05.jpg	kapittha
images/7.kapittha/kapittha_user7_03.jpg	kapittha
images/7.kapittha/kapittha_user8_02.jpg	kapittha
images/7.kapittha/kapittha_user5_02.jpg	kapittha
images/7.kapittha/kapittha_user1_01.jpg	kapittha
images/7.kapittha/kapittha_user1_03.jpg	kapittha
images/7.kapittha/kapittha_user7_06.jpg	kapittha
images/7.kapittha/kapittha_user8_01.jpg	kapittha
images/7.kapittha/kapittha_user4_03.jpg	kapittha
images/7.kapittha/kapittha_user8_04.jpg	kapittha
images/7.kapittha/kapittha_user5_01.jpg	kapittha
images/7.kapittha/kapittha_user7_01.jpg	kapittha
images/7.kapittha/kapittha_user3_01.jpg	kapittha
images/7.kapittha/kapittha_user8_06.jpg	kapittha
images/7.kapittha/kapittha_user4_02.jpg	kapittha
images/7.kapittha/kapittha_user5_03.jpg	kapittha
images/7.kapittha/kapittha_user8_05.jpg	kapittha
images/19.sarpasiras/sarpasiras_user7_12.jpg	sarpasiras
images/19.sarpasiras/sarpasiras_user7_08.jpg	sarpasiras
images/19.sarpasiras/sarpasiras_user7_04.jpg	sarpasiras
images/19.sarpasiras/sarpasiras_user3_03.jpg	sarpasiras
images/19.sarpasiras/sarpasiras_user8_04.jpg	sarpasiras
images/19.sarpasiras/sarpasiras_user5_01.jpg	sarpasiras
images/19.sarpasiras/sarpasiras_user7_09.jpg	sarpasiras
images/19.sarpasiras/sarpasiras_user7_02.jpg	sarpasiras
images/19.sarpasiras/sarpasiras_user3_02.jpg	sarpasiras
images/19.sarpasiras/sarpasiras_user5_02.jpg	sarpasiras
images/19.sarpasiras/sarpasiras_user7_11.jpg	sarpasiras
images/19.sarpasiras/sarpasiras_user8_09.jpg	sarpasiras
images/19.sarpasiras/sarpasiras_user3_04.jpg	sarpasiras
images/19.sarpasiras/sarpasiras_user8_02.jpg	sarpasiras
images/19.sarpasiras/sarpasiras_user7_10.jpg	sarpasiras
images/19.sarpasiras/sarpasiras_user7_06.jpg	sarpasiras
images/19.sarpasiras/sarpasiras_user2_1.jpg	sarpasiras
images/19.sarpasiras/sarpasiras_user8_03.jpg	sarpasiras
images/19.sarpasiras/sarpasiras_user8_05.jpg	sarpasiras
images/19.sarpasiras/sarpasiras_user7_03.jpg	sarpasiras
images/19.sarpasiras/sarpasiras_user1_01.jpg	sarpasiras
images/19.sarpasiras/sarpasiras_user8_11.jpg	sarpasiras
images/19.sarpasiras/sarpasiras_user8_01.jpg	sarpasiras
images/19.sarpasiras/sarpasiras_user7_01.jpg	sarpasiras
images/19.sarpasiras/sarpasiras_user8_07.jpg	sarpasiras
images/19.sarpasiras/sarpasiras_user4_03.jpg	sarpasiras
images/19.sarpasiras/sarpasiras_user4_02.jpg	sarpasiras
images/19.sarpasiras/sarpasiras_user2 _1.jpg	sarpasiras
images/19.sarpasiras/sarpasiras_user7_05.jpg	sarpasiras
images/19.sarpasiras/sarpasiras_user1_03.jpg	sarpasiras
images/19.sarpasiras/sarpasiras_user3_01.jpg	sarpasiras
images/19.sarpasiras/sarpasiras_user8_10.jpg	sarpasiras
images/19.sarpasiras/sarpasiras_user8_08.jpg	sarpasiras
images/14.bhramara/bhramara_user4_01.jpg	bhramara
images/14.bhramara/bhramara_user8_05.jpg	bhramara
images/14.bhramara/bhramara_user3_05.jpg	bhramara
images/14.bhramara/bhramara_user5_02.jpg	bhramara
images/14.bhramara/bhramara_user4_04.jpg	bhramara
images/14.bhramara/bhramara_user8_10.jpg	bhramara
images/14.bhramara/bhramara_user8_03.jpg	bhramara
images/14.bhramara/bhramara_user8_02.jpg	bhramara
images/14.bhramara/bhramara_user5_01.jpg	bhramara
images/14.bhramara/bhramara_user8_01.jpg	bhramara
images/14.bhramara/bhramara_user8_07.jpg	bhramara
images/14.bhramara/bhramara_user1_01.jpg	bhramara
images/14.bhramara/bhramara_user7_09.jpg	bhramara
images/14.bhramara/bhramara_user4_03.jpg	bhramara
images/14.bhramara/bhramara_user7_05.jpg	bhramara
images/14.bhramara/bhramara_user3_02.jpg	bhramara
images/14.bhramara/bhramara_user8_04.jpg	bhramara
images/14.bhramara/bhramara_user8_06.jpg	bhramara
images/14.bhramara/bhramara_user4_02.jpg	bhramara
images/14.bhramara/bhramara_user1_04.jpg	bhramara
images/14.bhramara/bhramara_user3_04.jpg	bhramara
images/14.bhramara/bhramara_user7_01.jpg	bhramara
images/14.bhramara/bhramara_user7_10.jpg	bhramara
images/14.bhramara/bhramara_user8_09.jpg	bhramara
images/14.bhramara/bhramara_user2_2.jpg	bhramara
images/14.bhramara/bhramara_user8_08.jpg	bhramara
images/14.bhramara/bhramara_user7_07.jpg	bhramara
images/17.tripataka/tripataka_user3_05.jpg	tripataka
images/17.tripataka/tripataka_user8_03.jpg	tripataka
images/17.tripataka/tripataka_user7_07.jpg	tripataka
images/17.tripataka/tripataka_user3_08.jpg	tripataka
images/17.tripataka/tripataka_user2_1.jpg	tripataka
images/17.tripataka/tripataka_user4_03.jpg	tripataka
images/17.tripataka/tripataka_user8_02.jpg	tripataka
images/17.tripataka/tripataka_user1_03.jpg	tripataka
images/17.tripataka/tripataka_user1_01.jpg	tripataka
images/17.tripataka/tripataka_user8_10.jpg	tripataka
images/17.tripataka/tripataka_user8_04.jpg	tripataka
images/17.tripataka/tripataka_user3_04.jpg	tripataka
images/17.tripataka/tripataka_user7_09.jpg	tripataka
images/17.tripataka/tripataka_user3_06.jpg	tripataka
images/17.tripataka/tripataka_user7_03.jpg	tripataka
images/17.tripataka/tripataka_user8_09.jpg	tripataka
images/17.tripataka/tripataka_user4_01.jpg	tripataka
images/17.tripataka/tripataka_user3_02.jpg	tripataka
images/17.tripataka/tripataka_user3_01.jpg	tripataka
images/17.tripataka/tripataka_user5_01.jpg	tripataka
images/17.tripataka/tripataka_user7_02.jpg	tripataka
images/17.tripataka/tripataka_user5_03.jpg	tripataka
images/17.tripataka/tripataka_user5_02.jpg	tripataka
images/17.tripataka/tripataka_user8_07.jpg	tripataka
images/17.tripataka/tripataka_user3_07.jpg	tripataka
images/17.tripataka/tripataka_user8_06.jpg	tripataka
images/17.tripataka/tripataka_user7_08.jpg	tripataka
images/17.tripataka/tripataka_user8_08.jpg	tripataka
images/17.tripataka/tripataka_user2_2.jpg	tripataka
images/17.tripataka/tripataka_user7_05.jpg	tripataka
images/17.tripataka/tripataka_user7_06.jpg	tripataka
images/9.sikhara/sikhara_user8_10.jpg	sikhara
images/9.sikhara/sikhara_user7_10.jpg	sikhara
images/9.sikhara/sikhara_user7_08.jpg	sikhara
images/9.sikhara/sikhara_user5_02.jpg	sikhara
images/9.sikhara/sikhara_user8_09.jpg	sikhara
images/9.sikhara/sikhara_user7_06.jpg	sikhara
images/9.sikhara/sikhara_user4_03.jpg	sikhara
images/9.sikhara/sikhara_user7_03.jpg	sikhara
images/9.sikhara/sikhara_user8_01.jpg	sikhara
images/9.sikhara/sikhara_user5_01.jpg	sikhara
images/9.sikhara/sikhara_user1_02.jpg	sikhara
images/9.sikhara/sikhara_user6_01.jpg	sikhara
images/9.sikhara/sikhara_user2_1.jpg	sikhara
images/9.sikhara/sikhara_user3_03.jpg	sikhara
images/9.sikhara/sikhara_user8_05.jpg	sikhara
images/9.sikhara/sikhara_user6_02.jpg	sikhara
images/9.sikhara/sikhara_user8_03.jpg	sikhara
images/9.sikhara/sikhara_user8_06.jpg	sikhara
images/9.sikhara/sikhara_user4_01.jpg	sikhara
images/9.sikhara/sikhara_user5_03.jpg	sikhara
images/9.sikhara/sikhara_user1_01.jpg	sikhara
images/9.sikhara/sikhara_user3_04.jpg	sikhara
images/9.sikhara/sikhara_user6_03.jpg	sikhara
images/9.sikhara/sikhara_user7_09.jpg	sikhara
images/9.sikhara/sikhara_user7_02.jpg	sikhara
images/9.sikhara/sikhara_user2_2.jpg	sikhara
images/9.sikhara/sikhara_user8_08.jpg	sikhara
images/9.sikhara/sikhara_user7_05.jpg	sikhara
images/9.sikhara/sikhara_user3_01.jpg	sikhara
images/24.katakamukha/katakamukha_user7_10.jpg	katakamukha
images/24.katakamukha/katakamukha_user2_2.jpg	katakamukha
images/24.katakamukha/katakamukha_user3_02.jpg	katakamukha
images/24.katakamukha/katakamukha_user7_09.jpg	katakamukha
images/24.katakamukha/katakamukha_user3_01.jpg	katakamukha
images/24.katakamukha/katakamukha_user1_03.jpg	katakamukha
images/24.katakamukha/katakamukha_user2_1.jpg	katakamukha
images/24.katakamukha/katakamukha_user4_02.jpg	katakamukha
images/24.katakamukha/katakamukha_user4_01.jpg	katakamukha
images/24.katakamukha/katakamukha_user7_13.jpg	katakamukha
images/24.katakamukha/katakamukha_user7_05.jpg	katakamukha
images/24.katakamukha/katakamukha_user7_02.jpg	katakamukha
images/24.katakamukha/katakamukha_user8_07.jpg	katakamukha
images/24.katakamukha/katakamukha_user8_03.jpg	katakamukha
images/24.katakamukha/katakamukha_user8_04.jpg	katakamukha
images/24.katakamukha/katakamukha_user5_04.jpg	katakamukha
images/24.katakamukha/katakamukha_user7_12.jpg	katakamukha
images/24.katakamukha/katakamukha_user8_08.jpg	katakamukha
images/24.katakamukha/katakamukha_user7_04.jpg	katakamukha
images/24.katakamukha/katakamukha_user8_01.jpg	katakamukha
images/24.katakamukha/katakamukha_user1_01.jpg	katakamukha
images/24.katakamukha/katakamukha_user8_02.jpg	katakamukha
images/24.katakamukha/katakamukha_user5_01.jpg	katakamukha
images/24.katakamukha/katakamukha_user8_10.jpg	katakamukha
images/24.katakamukha/katakamukha_user8_05.jpg	katakamukha
images/24.katakamukha/katakamukha_user7_01.jpg	katakamukha
images/24.katakamukha/katakamukha_user7_11.jpg	katakamukha
images/24.katakamukha/katakamukha_user7_03.jpg	katakamukha
images/24.katakamukha/katakamukha_user5_02.jpg	katakamukha
images/24.katakamukha/katakamukha_user7_08.jpg	katakamukha
images/24.katakamukha/katakamukha_user5_03.jpg	katakamukha
images/24.katakamukha/katakamukha_user8_06.jpg	katakamukha
images/20.vardhamanaka/vardhamanaka_user8_01.jpg	vardhamanaka
images/20.vardhamanaka/vardhamanaka_user7_11.jpg	vardhamanaka
images/20.vardhamanaka/vardhamanaka_user8_06.jpg	vardhamanaka
images/20.vardhamanaka/vardhamanaka_user5_02.jpg	vardhamanaka
images/20.vardhamanaka/vardhamanaka_user3_01.jpg	vardhamanaka
images/20.vardhamanaka/vardhamanaka_user2_1.jpg	vardhamanaka
images/20.vardhamanaka/vardhamanaka_user7_05.jpg	vardhamanaka
images/20.vardhamanaka/vardhamanaka_user8_08.jpg	vardhamanaka
images/20.vardhamanaka/vardhamanaka_user4_01.jpg	vardhamanaka
images/20.vardhamanaka/vardhamanaka_user3_03.jpg	vardhamanaka
images/20.vardhamanaka/vardhamanaka_user1_05.jpg	vardhamanaka
images/20.vardhamanaka/vardhamanaka_user7_01.jpg	vardhamanaka
images/20.vardhamanaka/vardhamanaka_user3_02.jpg	vardhamanaka
images/20.vardhamanaka/vardhamanaka_user4_05.jpg	vardhamanaka
images/20.vardhamanaka/vardhamanaka_user5_04.jpg	vardhamanaka
images/20.vardhamanaka/vardhamanaka_user7_07.jpg	vardhamanaka
images/20.vardhamanaka/vardhamanaka_user1_02.jpg	vardhamanaka
images/20.vardhamanaka/vardhamanaka_user3_05.jpg	vardhamanaka
images/20.vardhamanaka/vardhamanaka_user7_04.jpg	vardhamanaka
images/20.vardhamanaka/vardhamanaka_user4_04.jpg	vardhamanaka
images/20.vardhamanaka/vardhamanaka_user5_01.jpg	vardhamanaka
images/20.vardhamanaka/vardhamanaka_user8_04.jpg	vardhamanaka
images/20.vardhamanaka/vardhamanaka_user7_06.jpg	vardhamanaka
images/20.vardhamanaka/vardhamanaka_user7_08.jpg	vardhamanaka
images/20.vardhamanaka/vardhamanaka_user7_03.jpg	vardhamanaka
images/20.vardhamanaka/vardhamanaka_user8_02.jpg	vardhamanaka
images/20.vardhamanaka/vardhamanaka_user2_2.jpg	vardhamanaka
images/20.vardhamanaka/vardhamanaka_user8_09.jpg	vardhamanaka
images/20.vardhamanaka/vardhamanaka_user4_02.jpg	vardhamanaka
images/12.ardhachandra/ardhachandra_user7_08.jpg	ardhachandra
images/12.ardhachandra/ardhachandra_user8_05.jpg	ardhachandra
images/12.ardhachandra/ardhachandra_user7_03.jpg	ardhachandra
images/12.ardhachandra/ardhachandra_user6_02.jpg	ardhachandra
images/12.ardhachandra/ardhachandra_user4_05.jpg	ardhachandra
images/12.ardhachandra/ardhachandra_user8_08.jpg	ardhachandra
images/12.ardhachandra/ardhachandra_user6_03.jpg	ardhachandra
images/12.ardhachandra/ardhachandra_user1_06.jpg	ardhachandra
images/12.ardhachandra/ardhachandra_user7_04.jpg	ardhachandra
images/12.ardhachandra/ardhachandra_user3_01.jpg	ardhachandra
images/12.ardhachandra/ardhachandra_user7_02.jpg	ardhachandra
images/12.ardhachandra/ardhachandra_user5_01.jpg	ardhachandra
images/12.ardhachandra/ardhachandra_user7_11.jpg	ardhachandra
images/12.ardhachandra/ardhachandra_user6_01.jpg	ardhachandra
images/12.ardhachandra/ardhachandra_user8_01.jpg	ardhachandra
images/12.ardhachandra/ardhachandra_user3_03.jpg	ardhachandra
images/12.ardhachandra/ardhachandra_user3_02.jpg	ardhachandra
images/12.ardhachandra/ardhachandra_user8_06.jpg	ardhachandra
images/12.ardhachandra/ardhachandra_user7_05.jpg	ardhachandra
images/12.ardhachandra/ardhachandra_user4_01.jpg	ardhachandra
images/12.ardhachandra/ardhachandra_user7_06.jpg	ardhachandra
images/12.ardhachandra/ardhachandra_user2_1.jpg	ardhachandra
images/12.ardhachandra/ardhachandra_user7_01.jpg	ardhachandra
images/12.ardhachandra/ardhachandra_user2_2.jpg	ardhachandra
images/12.ardhachandra/ardhachandra_user8_03.jpg	ardhachandra
images/12.ardhachandra/ardhachandra_user1_03.jpg	ardhachandra
images/12.ardhachandra/ardhachandra_user4_03.jpg	ardhachandra
images/12.ardhachandra/ardhachandra_user8_09.jpg	ardhachandra
images/12.ardhachandra/ardhachandra_user5_02.jpg	ardhachandra
images/12.ardhachandra/ardhachandra_user7_10.jpg	ardhachandra
images/12.ardhachandra/ardhachandra_user7_09.jpg	ardhachandra
images/12.ardhachandra/ardhachandra_user1_02.jpg	ardhachandra
images/12.ardhachandra/ardhachandra_user3_04.jpg	ardhachandra
images/12.ardhachandra/ardhachandra_user7_07.jpg	ardhachandra
images/12.ardhachandra/ardhachandra_user8_10.jpg	ardhachandra
images/12.ardhachandra/ardhachandra_user5_03.jpg	ardhachandra
images/12.ardhachandra/ardhachandra_user8_02.jpg	ardhachandra
images/8.hamsapaksha/hamsapaksha_user8_05.jpg	hamsapaksha
images/8.hamsapaksha/hamsapaksha_user6_01.jpg	hamsapaksha
images/8.hamsapaksha/hamsapaksha_user6_04.jpg	hamsapaksha
images/8.hamsapaksha/hamsapaksha_user4_01.jpg	hamsapaksha
images/8.hamsapaksha/hamsapaksha_user5_01.jpg	hamsapaksha
images/8.hamsapaksha/hamsapaksha_user1_03.jpg	hamsapaksha
images/8.hamsapaksha/hamsapaksha_user7_09.jpg	hamsapaksha
images/8.hamsapaksha/hamsapaksha_user3_04.jpg	hamsapaksha
images/8.hamsapaksha/hamsapaksha_user4_02.jpg	hamsapaksha
images/8.hamsapaksha/hamsapaksha_user7_07.jpg	hamsapaksha
images/8.hamsapaksha/hamsapaksha_user2_2.jpg	hamsapaksha
images/8.hamsapaksha/hamsapaksha_user7_05.jpg	hamsapaksha
images/8.hamsapaksha/hamsapaksha_user7_08.jpg	hamsapaksha
images/8.hamsapaksha/hamsapaksha_user3_02.jpg	hamsapaksha
images/8.hamsapaksha/hamsapaksha_user1_02.jpg	hamsapaksha
images/8.hamsapaksha/hamsapaksha_user8_07.jpg	hamsapaksha
images/8.hamsapaksha/hamsapaksha_user7_01.jpg	hamsapaksha
images/8.hamsapaksha/hamsapaksha_user7_04.jpg	hamsapaksha
images/8.hamsapaksha/hamsapaksha_user5_02.jpg	hamsapaksha
images/8.hamsapaksha/hamsapaksha_user7_03.jpg	hamsapaksha
images/8.hamsapaksha/hamsapaksha_user3_01.jpg	hamsapaksha
images/8.hamsapaksha/hamsapaksha_user1_04.jpg	hamsapaksha
images/8.hamsapaksha/hamsapaksha_user8_09.jpg	hamsapaksha
images/8.hamsapaksha/hamsapaksha_user1_01.jpg	hamsapaksha
images/8.hamsapaksha/hamsapaksha_user8_03.jpg	hamsapaksha
images/8.hamsapaksha/hamsapaksha_user6_03.jpg	hamsapaksha
images/8.hamsapaksha/hamsapaksha_user8_08.jpg	hamsapaksha
images/8.hamsapaksha/hamsapaksha_user8_06.jpg	hamsapaksha
images/8.hamsapaksha/hamsapaksha_user7_10.jpg	hamsapaksha
images/8.hamsapaksha/hamsapaksha_user3_03.jpg	hamsapaksha
images/8.hamsapaksha/hamsapaksha_user8_10.jpg	hamsapaksha
images/8.hamsapaksha/hamsapaksha_user3_05.jpg	hamsapaksha
images/8.hamsapaksha/hamsapaksha_user8_04.jpg	hamsapaksha
images/8.hamsapaksha/hamsapaksha_user7_02.jpg	hamsapaksha
